"run_id","phase","error","evidence_sha256"
"0781399b83e1474ea5f519984185d9f5-sensitivity-m1-cost1","sensitivity",,"f55d5a9c5f1d6d124080ffbb577f83ae006f5f428a737e741f0e0e6aa28dd008"
"0781399b83e1474ea5f519984185d9f5-sensitivity-m1-cost2","sensitivity",,"ac102f22f8aaab18283775419ff19df4d782a46aaafa9c73074c78920f07f83c"
"0781399b83e1474ea5f519984185d9f5-sensitivity-m2-cost2","sensitivity",,"817de4672649591e5b3dd32803dcf9a5a942033fe47f227a4c2e78ee5614f31b"
"0781399b83e1474ea5f519984185d9f5-sensitivity-m3-cost1","sensitivity",,"dceb64d6bd7be8c8eed3b57588767620cbb754326a7128facd4c854ca6e71b3c"
"0781399b83e1474ea5f519984185d9f5-sensitivity-m3-cost2","sensitivity",,"44e43ffecd960b3178783881457a2d925893058c34b8c63cad57c67be8374519"
"75e22c238475445ea77be621fd2dbe6d-fixed-R1","fixed_rule",,"4d22cec0be1de0d91076a2b290edf643dba033cb12602746196e829b0bb18b1c"
"75e22c238475445ea77be621fd2dbe6d-fixed-R1L","fixed_rule",,"d519f2bdaa474ea3caccff5525946f619956d70ec215a4c09fa13d3dbdc8d18d"
"75e22c238475445ea77be621fd2dbe6d-fixed-R2","fixed_rule",,"b8fefdd9b87a426934fb15daeaa26de8821bd24fb5f63bb62990909e61a1424e"
"75e22c238475445ea77be621fd2dbe6d-fixed-R2L","fixed_rule",,"14165cab9fa6433cd9ae384b3f33aac1297fb01012a4db42947eedc23ef84cd9"
"75e22c238475445ea77be621fd2dbe6d-fixed-R3","fixed_rule",,"7b2b3d6b6fcb1b0b53f0cd8776ef7101bb0e05cef16c25fbb62f5721bdac84cd"
"75e22c238475445ea77be621fd2dbe6d-fixed-R3L","fixed_rule",,"574e631a8a024c64932ae9b9946207ff604a8d7c7042d1fd06fc5923c808a2d1"
"75e22c238475445ea77be621fd2dbe6d-fixed-R4","fixed_rule",,"e0434bca27d42b6fa8992d7af96ecd1e4a99c6f0cb8c4b02779ba72eb53be013"
"75e22c238475445ea77be621fd2dbe6d-fixed-R4L","fixed_rule",,"8cd21d494b0adc8d3e30cda1a5784bb8ef8f21f9f4e30399ecdfabd0e71ce287"
"75e22c238475445ea77be621fd2dbe6d-fixed-R5","fixed_rule",,"34b1f6e61092ef7dfe9775d67809b1eab6e7a1fe25637955c88345ffa03f8d30"
"75e22c238475445ea77be621fd2dbe6d-fixed-R5L","fixed_rule",,"edfb2c4367908c67fb8c3bb5d738cc3b516077b989133d1d3f9cab04e3dacfe1"
"75e22c238475445ea77be621fd2dbe6d-fixed-R6","fixed_rule",,"f5bcfaa0d65a243753bd5b2bf54bffb3bdecf3a0efd18e1a62fcc52505f50a9f"
"75e22c238475445ea77be621fd2dbe6d-fixed-R6L","fixed_rule",,"75926aed62a3b2ef27c1690658935fd326ccddec47a3d8645ad0c0bba7f25748"
"a16aa7a730c6476da353dc48ad7e9d81-out-of-sample-m2","out_of_sample",,"b2d0e8515e86d9ba9f4388df0a72ab9d42ceb11f27403f0a3a0a9bac403631af"
"a16aa7a730c6476da353dc48ad7e9d81-train-2021-07-R1","training",,"f2a0e6b5f5120c5f949e8546bf189dfe0b598883f6fd4c4e40103421440da646"
"a16aa7a730c6476da353dc48ad7e9d81-train-2021-07-R1L","training",,"432feba23f1c57566dfdc2e6c42917ca23cf07aa9baf8b398cf82fed40846177"
"a16aa7a730c6476da353dc48ad7e9d81-train-2021-07-R2","training",,"7b79de9c28df8daec21894c74830653a7898716dd42ec2932e8144ef43491ae8"
"a16aa7a730c6476da353dc48ad7e9d81-train-2021-07-R2L","training",,"c639811a96990bcf5134dfe68e63979d48df1b3f79f97b68303bd80ab2502316"
"a16aa7a730c6476da353dc48ad7e9d81-train-2021-07-R3","training",,"5bf8f96ae503f38668b939986d7eb236f6abf40dda946eaeb5bdeeda8a28ab79"
"a16aa7a730c6476da353dc48ad7e9d81-train-2021-07-R3L","training",,"b4061728ffdaee915b49c06a2de821bdfed14a42841ecbec8a365303f2474999"
"a16aa7a730c6476da353dc48ad7e9d81-train-2021-07-R4","training",,"0ddb8a071c7998009001d419a229189b49fae3b3906a3b99735558c11975efc1"
"a16aa7a730c6476da353dc48ad7e9d81-train-2021-07-R4L","training",,"2ec5ec07fde9163c36fbad0f3f184b06374091673ce8226f28e3866ff1137bdf"
"a16aa7a730c6476da353dc48ad7e9d81-train-2021-07-R5","training",,"e725ce759c70b4df33dbab714721481bd2f59107f963a69ae60be10172748f1c"
"a16aa7a730c6476da353dc48ad7e9d81-train-2021-07-R5L","training",,"eeafa10d3d53e5595934405ff0c4c86279f33d8385a125cfd8789109cadd88ed"
"a16aa7a730c6476da353dc48ad7e9d81-train-2021-07-R6","training",,"1732d3aa91f424a329b12014f02c23b42f556b1df2fdf9aa10498350ea54c512"
"a16aa7a730c6476da353dc48ad7e9d81-train-2021-07-R6L","training",,"2c411bd16eb500e2e06f77c4a6b1b5fed2dc0577c44bf2a15f5c9139698a3d33"
"a16aa7a730c6476da353dc48ad7e9d81-train-2021-10-R1","training",,"5c6a0b71417b210e7891500ce1c4e1437c1b0f8661d9313940508384de17ebec"
"a16aa7a730c6476da353dc48ad7e9d81-train-2021-10-R1L","training",,"67b28cc9e68e53be10b9a3ed5dc2aff099d8a312698a0c11bf0e577f3184edb1"
"a16aa7a730c6476da353dc48ad7e9d81-train-2021-10-R2","training",,"f2a0ee58655a15eede1621a332230a2ebeebd61ad72441eaf74714d2203ae4d6"
"a16aa7a730c6476da353dc48ad7e9d81-train-2021-10-R2L","training",,"c885d21f8aca79ebd24d88f674fc791334932c48e6d84bf422817fe582ca4750"
"a16aa7a730c6476da353dc48ad7e9d81-train-2021-10-R3","training",,"ccdb3f389703481f447e7cca2aa5e88541eefe0a33a15c34c5904ce6c73bdb96"
"a16aa7a730c6476da353dc48ad7e9d81-train-2021-10-R3L","training",,"96c53f8de0ff5921ffd4ec728c7ff17b57025d8c19983a59182fc35774c27ce2"
"a16aa7a730c6476da353dc48ad7e9d81-train-2021-10-R4","training",,"f17557c232f91dfef0a00340dac4c2fbb3f066ef103a10aacc3085079bb05097"
"a16aa7a730c6476da353dc48ad7e9d81-train-2021-10-R4L","training",,"b374406570012360cce919f43bf3ad9c8c01bfdd339eb17d9dc37b0f46ede2f8"
"a16aa7a730c6476da353dc48ad7e9d81-train-2021-10-R5","training",,"daa0030f966ec043f5dc3094050bd708239034de45926c98e061529b554e7574"
"a16aa7a730c6476da353dc48ad7e9d81-train-2021-10-R5L","training",,"30e8008876c3a4ce29fa9b03956ce92b7b4111e05bdea685355bacb0f7ec07a4"
"a16aa7a730c6476da353dc48ad7e9d81-train-2021-10-R6","training",,"60a6895553a4b8546cfd63ef5f72bfa6d680e1d7b63ef58ba8002c57c74fcdf4"
"a16aa7a730c6476da353dc48ad7e9d81-train-2021-10-R6L","training",,"36f7d07ed445d168ba64575af98bad938267fbf1258e7f63e091f4b07119be30"
"a16aa7a730c6476da353dc48ad7e9d81-train-2022-01-R1","training",,"e8accb2bc86235e8fe6f51384b4c38ea1a030619353a56b71d8f61c4e96e293e"
"a16aa7a730c6476da353dc48ad7e9d81-train-2022-01-R1L","training",,"b2d9da51efd0ebf806fd340da80f14a5e3ef5fb6aaa3ae38e98275768e3e2ae1"
"a16aa7a730c6476da353dc48ad7e9d81-train-2022-01-R2","training",,"28e9c18a50af11630cc0d1b660f63d48675e20a54ce408da9ba26eff60df7197"
"a16aa7a730c6476da353dc48ad7e9d81-train-2022-01-R2L","training",,"f0c5915adda147ca7b3633c273e85098e3b1e91b5e9934f8ad4ef788aa9a8410"
"a16aa7a730c6476da353dc48ad7e9d81-train-2022-01-R3","training",,"bc1ad2c3a8e11c10b955d977c67fe444b918abcaad0d19988e2297de9e300763"
"a16aa7a730c6476da353dc48ad7e9d81-train-2022-01-R3L","training",,"72300f44f4165a24be742592e7f13541ffaeca1d5536dd6f0199e542099e8369"
"a16aa7a730c6476da353dc48ad7e9d81-train-2022-01-R4","training",,"ae0a62fb4a24227be6cebc35035fc9f0d0eaf0e8684d1b6fbefd8ce90eb54ec5"
"a16aa7a730c6476da353dc48ad7e9d81-train-2022-01-R4L","training",,"1dcff9aacb1bfb002264cfbf0c2f672c119420a16e1debb0b530640f019b2b22"
"a16aa7a730c6476da353dc48ad7e9d81-train-2022-01-R5","training",,"7e8caa6ccfd37034b0d02b4ce6f834af16118cf7fa706beedabc68528c41461b"
"a16aa7a730c6476da353dc48ad7e9d81-train-2022-01-R5L","training",,"8e54378527db8c346f45ec0f0da06499cfa08fd6dbd8cc9570f214499a48d34b"
"a16aa7a730c6476da353dc48ad7e9d81-train-2022-01-R6","training",,"19f2f5e838e832ec709b86f94163bd4f9cbcd607b754169946bbbe4d5d66c9dc"
"a16aa7a730c6476da353dc48ad7e9d81-train-2022-01-R6L","training",,"db983aa0a424fc76a44f851a5ef28434b41390427d686bd2b2ad99d4db2b02ba"
"a16aa7a730c6476da353dc48ad7e9d81-train-2022-04-R1","training",,"18d669bbff4e21eed234f79bcaae2a998856aaa376dc49fba17d70ab3f576e2f"
"a16aa7a730c6476da353dc48ad7e9d81-train-2022-04-R1L","training",,"cde1f215d38f720380aebfcba37ac7ae6a105512af23cc2faa6759cf727c839b"
"a16aa7a730c6476da353dc48ad7e9d81-train-2022-04-R2","training",,"c3a4ae23b061e7dc4d6d17ca46421c7ac3b6a2e344c631391e40791b85b31edb"
"a16aa7a730c6476da353dc48ad7e9d81-train-2022-04-R2L","training",,"cc633790b139fb4042615788e4c2072b1478a4084e95103650a5519806edd394"
"a16aa7a730c6476da353dc48ad7e9d81-train-2022-04-R3","training",,"d2c95d5aec96fb3df700be724faff49e8f4bb926ced7307c59dbf2938883ac15"
"a16aa7a730c6476da353dc48ad7e9d81-train-2022-04-R3L","training",,"3ee9ec476505d36c1e42449e109d4f731fe035bd6620517c718f6be750736636"
"a16aa7a730c6476da353dc48ad7e9d81-train-2022-04-R4","training",,"3186469abf6be996b94ddb52aa9b271768d70fc4edde3f5df8759351aabddd31"
"a16aa7a730c6476da353dc48ad7e9d81-train-2022-04-R4L","training",,"433cf8efb2319ba98915ff710fcf07b850e5b168b68dca961d634374b4ee355f"
"a16aa7a730c6476da353dc48ad7e9d81-train-2022-04-R5","training",,"ff7432437e5f237de492488d23161dc0d963200d263f90f59560d0f75bbefeb4"
"a16aa7a730c6476da353dc48ad7e9d81-train-2022-04-R5L","training",,"455e0cbe4848d9ce305bf00fd040ef4790d96c45a22300c2556de9d4bb8b3a17"
"a16aa7a730c6476da353dc48ad7e9d81-train-2022-04-R6","training",,"5153000ae425c3ff5e21493707f980c77aee45bfda4bd792881170a96957f41b"
"a16aa7a730c6476da353dc48ad7e9d81-train-2022-04-R6L","training",,"b9d3c2d6b56dfb57def95c033238a6aeceea2621070b239873118a7f1fb96893"
"a16aa7a730c6476da353dc48ad7e9d81-train-2022-07-R1","training",,"83df99309907d52562b35ee61af02731d89847ba60aa7f67b774c624eb27ce19"
"a16aa7a730c6476da353dc48ad7e9d81-train-2022-07-R1L","training",,"6f8693165acc42a47bd651afefe6d4d9e40f480bf11222205a26f74a3c1be173"
"a16aa7a730c6476da353dc48ad7e9d81-train-2022-07-R2","training",,"1a4e960f3d2132e700781fb2dc223b084de7164ca616214df9b6ff127122ff43"
"a16aa7a730c6476da353dc48ad7e9d81-train-2022-07-R2L","training",,"69cdced5c7524ce09a0d7e175f803b705577938dae4db2f6486972c62ba389aa"
"a16aa7a730c6476da353dc48ad7e9d81-train-2022-07-R3","training",,"6f56aa4656afc7e15938c88dbac4581be5078c9764bfef69b3ebacbd1ff49134"
"a16aa7a730c6476da353dc48ad7e9d81-train-2022-07-R3L","training",,"aff8ca790df17142738088385e58aa6d66e1ea6b2c40901a192f326f2c957614"
"a16aa7a730c6476da353dc48ad7e9d81-train-2022-07-R4","training",,"e31ea617b25b09fe6604b61b6fcefb7d143c1d3e630b95e5de1bda51384486f0"
"a16aa7a730c6476da353dc48ad7e9d81-train-2022-07-R4L","training",,"eb136a47ed723a15a38ee2e74a5428924486228b987670e208a917f6a31d7497"
"a16aa7a730c6476da353dc48ad7e9d81-train-2022-07-R5","training",,"acdb3743b5b880795d305f65329ff2d567486b5fff8c6d5646ac057d59320657"
"a16aa7a730c6476da353dc48ad7e9d81-train-2022-07-R5L","training",,"44b7c0891c72e06c38268d06027a1230f42bb6cc17735c80adcf9003d4a27f5e"
"a16aa7a730c6476da353dc48ad7e9d81-train-2022-07-R6","training",,"b063eea63b47c118a4c8e9ec33f59e44cf873e547e87045e9acbd7a5e8bbc418"
"a16aa7a730c6476da353dc48ad7e9d81-train-2022-07-R6L","training",,"f98b198efd1a3f9d2a75fb6d61958344043d8950402e6d6c7ad3286e7931754a"
"a16aa7a730c6476da353dc48ad7e9d81-train-2022-10-R1","training",,"34ee117bd769f0d314a7c3f1054d80d16ea1ecd5c7a7a0db7f277cbb9e2443a4"
"a16aa7a730c6476da353dc48ad7e9d81-train-2022-10-R1L","training",,"31566976211e4eccd13847f858cc4e42b7c29e61186e4dca0c702f3a29f2f3c5"
"a16aa7a730c6476da353dc48ad7e9d81-train-2022-10-R2","training",,"ad457165146eb8747099d88d74d01cee51b2ff564702c688b5f4176338177a0e"
"a16aa7a730c6476da353dc48ad7e9d81-train-2022-10-R2L","training",,"1d7f7ba0a9799389650c91da14da327ec70508fca133821a2d82ae49d14276a3"
"a16aa7a730c6476da353dc48ad7e9d81-train-2022-10-R3","training",,"473e6e20091a5c644b14baf31382221f1937b7ae8c347af9526b5e882ff2c15e"
"a16aa7a730c6476da353dc48ad7e9d81-train-2022-10-R3L","training",,"332d2c1abb31560188ecb1fc5dfc42ba9ae05f61fbaa4ed9967d3e0a2a307c82"
"a16aa7a730c6476da353dc48ad7e9d81-train-2022-10-R4","training",,"c91053e9a0a25b930af2c0f23a4fb39bbb3631ae7638cdbb65cf6f66f65383d8"
"a16aa7a730c6476da353dc48ad7e9d81-train-2022-10-R4L","training",,"e1c3f1eadc12b4b64aa7143b72760a173eab4bc3a5a904356cdcdd8692c8c7c5"
"a16aa7a730c6476da353dc48ad7e9d81-train-2022-10-R5","training",,"376f99f6dec3194da0a21212c68789c8ac78261495f4f3911b5a4b80b7ea4355"
"a16aa7a730c6476da353dc48ad7e9d81-train-2022-10-R5L","training",,"6a6905e4533c6d9b31de85bf169dbe24c06c49deb3106047c8c0c5e789e97b91"
"a16aa7a730c6476da353dc48ad7e9d81-train-2022-10-R6","training",,"871622e51ca452c7287e3d243565a23da760e229434faab9ef23af646365fb7b"
"a16aa7a730c6476da353dc48ad7e9d81-train-2022-10-R6L","training",,"7edc9ccd37705c44d589b199643339423a60bf47ec365367d5c23e8c5e4bacf9"
"a16aa7a730c6476da353dc48ad7e9d81-train-2023-01-R1","training",,"a6977de691252762eeb665244209f4c41eae8905efcc1c0bd7e5db9a1917f234"
"a16aa7a730c6476da353dc48ad7e9d81-train-2023-01-R1L","training",,"2f4d459b57792064d793ca09a7e3b1e62478cc8bfe1a2ecb59a406438e0e45a3"
"a16aa7a730c6476da353dc48ad7e9d81-train-2023-01-R2","training",,"ca7384b6f28644ebfec175530f6c38707e306b79d909a9e5e5e61d68015d2216"
"a16aa7a730c6476da353dc48ad7e9d81-train-2023-01-R2L","training",,"89d3baef99e6d2c1ec9385a35912a8d297afab6f1589fede051dd833b950d304"
"a16aa7a730c6476da353dc48ad7e9d81-train-2023-01-R3","training",,"c9cc1e1424297563187ae6886c3847dc98a9a411477478bc6fac6bdcfedd0dca"
"a16aa7a730c6476da353dc48ad7e9d81-train-2023-01-R3L","training",,"83c94f1ee8d167f676d8bc8403e279948761e155d90c625c17e1e9fec76eace5"
"a16aa7a730c6476da353dc48ad7e9d81-train-2023-01-R4","training",,"afbeebd4823077a70051a6366923cb8ce9b02d9006f0b617c9228866889d379b"
"a16aa7a730c6476da353dc48ad7e9d81-train-2023-01-R4L","training",,"044c189b7f20f4540015cdc1744097e7ba36c3eaf17e393241178c8d69570c3f"
"a16aa7a730c6476da353dc48ad7e9d81-train-2023-01-R5","training",,"2f3e983e6477ba3155186d8fdb1934026315f8b7d7102c892ec0010165ce396d"
"a16aa7a730c6476da353dc48ad7e9d81-train-2023-01-R5L","training",,"3acc629911edd83c30c74c205137b1e42833c04f687a9d313e6c40bf0fa2094f"
"a16aa7a730c6476da353dc48ad7e9d81-train-2023-01-R6","training",,"2512ed75327e33f20f6e945a130bc6ed22d890f7b19a77677192bf47aafae6cb"
"a16aa7a730c6476da353dc48ad7e9d81-train-2023-01-R6L","training",,"c87300447b06cef7062394fae3d3523057d3bd72545781f71d5992b84b7aacad"
"a16aa7a730c6476da353dc48ad7e9d81-train-2023-04-R1","training",,"282767ec40f86bf5d5033751126ad6cd49716533fff9782d22e5d5735b4d4515"
"a16aa7a730c6476da353dc48ad7e9d81-train-2023-04-R1L","training",,"de8c98a4833ba7996a0bdf053b4cb25ae855397c92cc9cc84c460128a3eccbaa"
"a16aa7a730c6476da353dc48ad7e9d81-train-2023-04-R2","training",,"42c2a650cca99d529f5d416c7a6febab312568025b66249275243835b44f5254"
"a16aa7a730c6476da353dc48ad7e9d81-train-2023-04-R2L","training",,"58750a052d48faf2cf168b040d582417e03a72ba665396c5c6e9550e7566e204"
"a16aa7a730c6476da353dc48ad7e9d81-train-2023-04-R3","training",,"e75c58ff6ae3eb4d5a6287ff2fdb1a29bff72de4be4c9687d29ec187ca266c38"
"a16aa7a730c6476da353dc48ad7e9d81-train-2023-04-R3L","training",,"345b41b9c79e9dc7bbbc621dfcb9cb7d2519126381e4cecff38a2b5d075ce9f0"
"a16aa7a730c6476da353dc48ad7e9d81-train-2023-04-R4","training",,"6298204e38142a6779403c4219835fabc9ea863dfdb0e02d426b62d1591a967d"
"a16aa7a730c6476da353dc48ad7e9d81-train-2023-04-R4L","training",,"540c573e78378ec7787dc1af645e2d2567dcf5af89fea3d86d4c56b5c432775c"
"a16aa7a730c6476da353dc48ad7e9d81-train-2023-04-R5","training",,"b9ada1790e4482a3c63d0f360f7ac0453ce1f7351bc53f366e2e3f834dba112a"
"a16aa7a730c6476da353dc48ad7e9d81-train-2023-04-R5L","training",,"c101846291771769ea3e5f15e4c0ba99cf2da21541e2cef51bc58b109d624f74"
"a16aa7a730c6476da353dc48ad7e9d81-train-2023-04-R6","training",,"7fe573e83d95f5086a060abf4473acd67c955843a40be2803aa9dbee70ddf701"
"a16aa7a730c6476da353dc48ad7e9d81-train-2023-04-R6L","training",,"29483e18707cc7f37a782629aaa9138d8140c2ec7b69d5ac4b3086e03170acf9"
"a16aa7a730c6476da353dc48ad7e9d81-train-2023-07-R1","training",,"d46dd3e074c4d8deac8ffa71a5742abb87affe6966c3c621723406880eb38f30"
"a16aa7a730c6476da353dc48ad7e9d81-train-2023-07-R1L","training",,"86ae4edd7b16287bd6c47eb738a29f78a298e07f209af744ba7222a7aa749298"
"a16aa7a730c6476da353dc48ad7e9d81-train-2023-07-R2","training",,"66cbfbf7d61abdcbc8f77cfa400e2a5fb80db4301a33755990243c2f07c4ef28"
"a16aa7a730c6476da353dc48ad7e9d81-train-2023-07-R2L","training",,"ed8df1e5a40f4698399a1149aae629a0eee744fb9a0c3c90d6e609887a83c27e"
"a16aa7a730c6476da353dc48ad7e9d81-train-2023-07-R3","training",,"0eaf21abdf89511b4f04657546cdcb377dd15573b656612d60a319aeaff9fce8"
"a16aa7a730c6476da353dc48ad7e9d81-train-2023-07-R3L","training",,"4930e5ddb9115772ae1c03380d3e2b19d703d541ee1a519fc2408668deccf263"
"a16aa7a730c6476da353dc48ad7e9d81-train-2023-07-R4","training",,"cff135c62a110835b2b2bd70000d9145dd8f0f7feeed16f1bef69aa9efba1342"
"a16aa7a730c6476da353dc48ad7e9d81-train-2023-07-R4L","training",,"8f56c99aab4a8b6fb5f0957d9d49fc25ce08cf3953d2660fb1dcd42c2aae1091"
"a16aa7a730c6476da353dc48ad7e9d81-train-2023-07-R5","training",,"7e3e6e6d410ee461c1641afb7161471f6cc5bb56c8520f798e527375e8126573"
"a16aa7a730c6476da353dc48ad7e9d81-train-2023-07-R5L","training",,"9ae3206eea2306e022272296d4523fbeada9d8fcdd477c484e9754e82d21b5a4"
"a16aa7a730c6476da353dc48ad7e9d81-train-2023-07-R6","training",,"17125e702c0e0949e8a8f05eb59da24b1a8bb1edda8a96ce49dacd8341c4dae1"
"a16aa7a730c6476da353dc48ad7e9d81-train-2023-07-R6L","training",,"ed23d4f17d212470b0fbc0e6964752201f4b602d5a56dfe2e7ddbd60eed90a75"
"a16aa7a730c6476da353dc48ad7e9d81-train-2023-10-R1","training",,"4d4e066dda2c5037225d61f0942e9bb19ffd5dc30b062c3849edc20a68075d94"
"a16aa7a730c6476da353dc48ad7e9d81-train-2023-10-R1L","training",,"eb172ad9e96d559560fe370cabd9a610fdbfdaab09abeaaf66f36f86b7b04edd"
"a16aa7a730c6476da353dc48ad7e9d81-train-2023-10-R2","training",,"ac8d9388efe03263bf7619994ce410affcc4e4ff3b4c282c669178a4fccb3397"
"a16aa7a730c6476da353dc48ad7e9d81-train-2023-10-R2L","training",,"417303835d56390172be608d5d259f00f87f74a0f50c5176ffde735c0f4ecae6"
"a16aa7a730c6476da353dc48ad7e9d81-train-2023-10-R3","training",,"28d4bb78e4cb32c1f944cee9310cd630f54a12e734468d785c928713e3046f06"
"a16aa7a730c6476da353dc48ad7e9d81-train-2023-10-R3L","training",,"4095a8c4cd7937bebd87c529d25284d8f2b989494ec013e07d0a3e036d9af468"
"a16aa7a730c6476da353dc48ad7e9d81-train-2023-10-R4","training",,"78b212acee00e999a2e38c6b52ee69b6e3916855f70fd6f052d7c9215af65792"
"a16aa7a730c6476da353dc48ad7e9d81-train-2023-10-R4L","training",,"7ef7a0be2f68885e33548ee10524038579f5495ce40f9eedac4f2bc55a397532"
"a16aa7a730c6476da353dc48ad7e9d81-train-2023-10-R5","training",,"6bbd2ef7e2508f5eebc20a1bd0bba1294ef1a5e0d177fe35e0e9c19cc500272f"
"a16aa7a730c6476da353dc48ad7e9d81-train-2023-10-R5L","training",,"152442592dccecc1bb8b1af271d9d247145baf278b53da7cf84f7353f88e057b"
"a16aa7a730c6476da353dc48ad7e9d81-train-2023-10-R6","training",,"eadad6a6cdcde294e112f4e35ae846844ecc746a87d206bf2119d5019835123d"
"a16aa7a730c6476da353dc48ad7e9d81-train-2023-10-R6L","training",,"b5fadbe5495a80dd33c35f64c2396ac0d1ad243c7e9c1f39cab2a1c13580aea8"
"a16aa7a730c6476da353dc48ad7e9d81-train-2024-01-R1","training",,"3f1cc5dbbbefa00d06b7377e0c87debce3f5f3ea513476c096c9bc38170733ef"
"a16aa7a730c6476da353dc48ad7e9d81-train-2024-01-R1L","training",,"6d9e3d0eccd9d354ee289c2acc61ff01e725e5474560adea5fa6ba7ba87e3367"
"a16aa7a730c6476da353dc48ad7e9d81-train-2024-01-R2","training",,"037ee6d37e0bb888b05c27d2b5b9c7ab0a648b1fcca3a7a7678029e44ce14303"
"a16aa7a730c6476da353dc48ad7e9d81-train-2024-01-R2L","training",,"be09a27802009e8f783a1aa2a399b4b47d518b961c9685ea71a16feabbf3fff7"
"a16aa7a730c6476da353dc48ad7e9d81-train-2024-01-R3","training",,"b80d9575cbf0050da0fbc795e6c3c5ad79252018628bdcfa11f6763277612d39"
"a16aa7a730c6476da353dc48ad7e9d81-train-2024-01-R3L","training",,"a2c9b7143a3d22e95df18831e1f4db6f374d0f99d1f578359e7136534e5a124d"
"a16aa7a730c6476da353dc48ad7e9d81-train-2024-01-R4","training",,"061dbceedf6f626ef57000b09d7eeb8ac415fef924a7c417f6685c884a936f32"
"a16aa7a730c6476da353dc48ad7e9d81-train-2024-01-R4L","training",,"025d8fae696e88e7961c4251c9326a90c4ac00ad2366bf2b3aa375ddb64950e2"
"a16aa7a730c6476da353dc48ad7e9d81-train-2024-01-R5","training",,"1534d544f42ea07b822ca0a0fea0b682ec17293f41d15613ea30d496e88674a4"
"a16aa7a730c6476da353dc48ad7e9d81-train-2024-01-R5L","training",,"8c550d80d51b4f4ae056eae2ea6c30fb68775b7e7def14013f6cec15c05be7b4"
"a16aa7a730c6476da353dc48ad7e9d81-train-2024-01-R6","training",,"420591f50e0c8a03ce4476156206b44a2329d75f9cd95071982a98ff8bdad62e"
"a16aa7a730c6476da353dc48ad7e9d81-train-2024-01-R6L","training",,"cf9122ce34dcff08a274f8e512ce29d76259b0176ce4950c91f2f16d9382ed1a"
"a16aa7a730c6476da353dc48ad7e9d81-train-2024-04-R1","training",,"0e21e4be23b9783d963be5b133609bc494892f9fa0d51056baa3733a417ec8bb"
"a16aa7a730c6476da353dc48ad7e9d81-train-2024-04-R1L","training",,"464419988027e0bc2655503ca693c23a780c152e7f0956c10c6c568526d58ded"
"a16aa7a730c6476da353dc48ad7e9d81-train-2024-04-R2","training",,"3c59ce6de34d1b381bcfe5ff7003439da97bd9cf1c8d52521a4bb9effb1e9c92"
"a16aa7a730c6476da353dc48ad7e9d81-train-2024-04-R2L","training",,"97a0e54e2d84e5d58356531f40c4e7dbd8a53d7a034386f4634fa7b62d26b185"
"a16aa7a730c6476da353dc48ad7e9d81-train-2024-04-R3","training",,"a3ec5b08cbbde60af976136bafdbeb6c91f783bb93ec45ef0fb7ab9837141965"
"a16aa7a730c6476da353dc48ad7e9d81-train-2024-04-R3L","training",,"70638b3e58ff4e04f70e8b5f3d089f3de0c94aae6747f26054d148c0f1507a33"
"a16aa7a730c6476da353dc48ad7e9d81-train-2024-04-R4","training",,"bbe7730f8280deadc332e78cd9a5bf05f2cca1063d61bd4e11071cedd1a4110c"
"a16aa7a730c6476da353dc48ad7e9d81-train-2024-04-R4L","training",,"3ea4851d8a75bd8ecc1c71f88156501556a522819a552cc10c6b07f46a551a83"
"a16aa7a730c6476da353dc48ad7e9d81-train-2024-04-R5","training",,"7d99ed820296b04c9b5d92c942f50cc055cccc886782309356310f9376da3747"
"a16aa7a730c6476da353dc48ad7e9d81-train-2024-04-R5L","training",,"fbc8dc3b3e4db4b02135d766b696fb00d5479b908e5d5c36510f1ee36557de3f"
"a16aa7a730c6476da353dc48ad7e9d81-train-2024-04-R6","training",,"dd8fec94557c8975934ed620885a5d140df119adeb27584edad60a9e8a7d0923"
"a16aa7a730c6476da353dc48ad7e9d81-train-2024-04-R6L","training",,"bb444c90b45594d857220a4e1729b4e5780515f994ced88cd6629bb04fc72037"
"a16aa7a730c6476da353dc48ad7e9d81-train-2024-07-R1","training",,"b8079d526a898f0ff0ea3f2eedcf71b4ea59e927afd815659089a301f666be76"
"a16aa7a730c6476da353dc48ad7e9d81-train-2024-07-R1L","training",,"d1db0610bc6af8fab3bf0f11d8935617188b61197a92ac8f16444f3815873b60"
"a16aa7a730c6476da353dc48ad7e9d81-train-2024-07-R2","training",,"d2e1b3568a84651cea35fbca31fe006394443f9fcebaf9a70005bc1a2af58fff"
"a16aa7a730c6476da353dc48ad7e9d81-train-2024-07-R2L","training",,"5a810e0beb62b947eae845eecdf559335092005bd42e74f5667e8e21b6aa0b8c"
"a16aa7a730c6476da353dc48ad7e9d81-train-2024-07-R3","training",,"5abb2d132b3967cb0d17b6ab7db730aabc7b935c63f9762b49fa22d0987dafc1"
"a16aa7a730c6476da353dc48ad7e9d81-train-2024-07-R3L","training",,"a74627798b6a7561aa4aa01989061fbfeaf972112c215ad7940aefcf50f5444c"
"a16aa7a730c6476da353dc48ad7e9d81-train-2024-07-R4","training",,"aa186ceb0bbb54753211aadd473a254babea70c51f0ab7a19b16592789105de9"
"a16aa7a730c6476da353dc48ad7e9d81-train-2024-07-R4L","training",,"7e1b9f3db2218d3e5b756db2019da12ad7db2f05c477547c32e69f283cca2967"
"a16aa7a730c6476da353dc48ad7e9d81-train-2024-07-R5","training",,"cc637a26b258aa79000ddbb230a35157809cd3fa7abdc791bbe2c4d23e95aff1"
"a16aa7a730c6476da353dc48ad7e9d81-train-2024-07-R5L","training",,"705ac7af96dec2ffb75d02e32a56f0ae8cb09e5264cc7ab0f06bf6cd746bbf96"
"a16aa7a730c6476da353dc48ad7e9d81-train-2024-07-R6","training",,"7b393687b03554549286a968c7b582cf8f24b563c0f6ab95c8fdde16d59ecbf4"
"a16aa7a730c6476da353dc48ad7e9d81-train-2024-07-R6L","training",,"700f0776ff30f149b1678e6c173c89c6b5ac09b7ebbd799507aed78202cf61cf"
"a16aa7a730c6476da353dc48ad7e9d81-train-2024-10-R1","training",,"024ef0491d76315343beb086b5d39f1800d622b7d70e476a5658b562ed79a8e6"
"a16aa7a730c6476da353dc48ad7e9d81-train-2024-10-R1L","training",,"7ba194187263ceed3482c751c158d59b0c535931ae82c2274a336d4309c59c52"
"a16aa7a730c6476da353dc48ad7e9d81-train-2024-10-R2","training",,"27be4dc32b1420a9fde4569a10b8f65ec3a4b33f891bcc23dc851d688ae14e08"
"a16aa7a730c6476da353dc48ad7e9d81-train-2024-10-R2L","training",,"ca60ca1f42dc99445b3bfbd0bcda8908ef11ed723d0ad44a7986c2ce4d5510ec"
"a16aa7a730c6476da353dc48ad7e9d81-train-2024-10-R3","training",,"15110e9d5b6404c60bef242c68f8d31b9d1f0a8f69ebd80b26d38e1c2994566f"
"a16aa7a730c6476da353dc48ad7e9d81-train-2024-10-R3L","training",,"6e551fc7fd01b06189066d42f71cc0f04a4aa8a43226e330dc325490439db6a6"
"a16aa7a730c6476da353dc48ad7e9d81-train-2024-10-R4","training",,"8e81c069d623417038d6a17c3bd438854966905749fdac02534a8e594768d457"
"a16aa7a730c6476da353dc48ad7e9d81-train-2024-10-R4L","training",,"251b24c86738292f17a3a9c4762068db7c1773e8a4cd65865517a154695a928c"
"a16aa7a730c6476da353dc48ad7e9d81-train-2024-10-R5","training",,"62f9216c9d90490f7412ef4b67180330e2a55d5277117bcad39be97815e09e44"
"a16aa7a730c6476da353dc48ad7e9d81-train-2024-10-R5L","training",,"eedcf04f7d7b7dc566fb19c23843cf721e6046ac8c3d22bc175272a48a0aa0a6"
"a16aa7a730c6476da353dc48ad7e9d81-train-2024-10-R6","training",,"e9ab5bc0e1aecd79ceeb3d38c1a90a10245437b336271700e5635d2ddf9b72a7"
"a16aa7a730c6476da353dc48ad7e9d81-train-2024-10-R6L","training",,"7efe34bbc1ade7502d29788324aabd052ccb3e3f20b76711a8c6e18d4519b2d0"
"ee8e4da9b2f44b458a9bf340dc628b4c-hold-cost1","spot_hold","SpotReplayExecutionError: ValueError: positive value required","117e3f4b6c10cc16116f9cd493865d5caa1c994bfc8f2632c94d46517682e773"
